"a lot" "много, множество, масса"
many много
much много
"a bit" немного
"a bit later" "немного позже"
"a bit more" "еще немного"
"(am, are, is) going to" "собираться (сделать что-либо)"
few мало
"a few" несколько
abandon "покидать, отказываться от"
able "в состоянии, способный, умеющий, могущий"
above над
abroad "за границей"
absence "отсутствие, недостаток"
accept принимать
access доступ
accident "несчастный случай, авария"
accurate "точный, тщательный"
"achievement (эчивмент)" "достижение, успех, подвиг, выполнение"
"acquaintance (эквэйтенс)" знакомство
act "действовать, дело"
activity деятельность
actually "фактически, на самом деле"
add "добавить, сложить, прибавлять"
addition дополнение
adjust "приводить в порядок, улаживать"
admit "признавать, допускать"
adore обожать
adult взрослый
grown-ups взрослый
advance "продвижение, успех, прогресс, продвигаться, продвинутый"
advantage "преимущество, выгода, польза"
advertise извещать
announce "объявлять, извещать"
advertisement объявление
advice совет
afford "позволить себе, предоставлять, иметь, давать, доставлять"
afraid испуганный
scared испуганный
frightened "испуганный, напуганный"
"after all" "впрочем, в конце концов"
afternoon "дневное время"
again снова
against против
age возраст
ago "тому назад"
agree соглашаться
agreement соглашение
aid "помощь, поддержка"
aim цель
goal "цель, гол, задача"
purpose цель
alike похожи
alive живой
"all over" повсюду
everywhere "везде, повсюду"
"all the same" "все таки, все равно"
allow "позволять, допускать, разрешать"
almost почти
nearly "около, почти, приблизительно"
"pretty much" почти
alone одинокий
along вдоль
"along with" "вместе с"
already уже
"also (олсоу)" также
too "также, тоже, слишком"
"both (both national and international)" "оба, и тот и другой, также, одинаково(как национальных, так и международных)"
"as well" также
although хотя
still "все еще, до сих пор, все же, хотя"
though "однако, все же, хотя"
altogether "всецело, вполне"
always всегда
ever "когда-либо, всегда"
amazing поразительный
ambition "амбиция, стремление, мечта"
ambulance скорая
amenities "услуги, удовольствия"
among среди
amount количество
number "номер, количество, число"
ancestors предки
"and it goes without saying" "и само собой разумеется"
"and so on" "и так далее"
anew заново
another другой
different "различный, другой, разный"
"another point" "еще один момент"
anywhere "в любом месте, никуда, везде, никуда, где угодно"
"Apart (эпат)" "кроме, отдельно, обособленно, на части, порознь"
"apart from" кроме
besides "кроме того, помимо"
else "еще, иначе, кроме"
except "кроме, за исключением"
unless "если не, пока не, за исключением, 
кроме"
app приложение
appear появляться
appearance "появление, внешний вид, внешность"
applicant "заявитель, кандидат, абитуриент"
application "заявление, приложение, прошение"
"apply (эплай)" "подать заявление"
appointment встреча
"appreciate (апришиейт)" "ценить, оценивать, понимать"
approve одобрять
approximately "приблизительно, примерно"
"argue (аргии)" "спорить, аргументировать, доказывать"
arm рука
around "вокруг, около, кругом, вблизи, поблизости"
beside "рядом, возле"
by "у, рядом"
"next to" рядом
near рядом
"around doing nothing" "ничего не делая"
arrive "приходить, прибывать, приезжать"
"as a rule" "как правило"
"As far as I know" "на сколько я знаю"
"As for" "что касается"
"as soon" "как только"
aside "в сторону, в стороне"
ask "спрашивать, просить"
assert утверждать
assure уверять
"at ... o'clock" "в … часов"
"at all" совсем
"at least" "по крайней мере"
"at night" "По ночам, ночью"
"at noon" "В полдень"
"at once" "сразу, тотчас, одновременно"
"at present" сейчас
"at short notice" "тотчас же"
"at soon" "в ближайшее время, скоро, вскоре"
"at this moment" "в этот момент"
attack нападение
attempt попытка
attend посещать
attended "участие, посещать, заниматься"
attention "внимание, забота, уход"
attitude "отношение к, позиция"
attract привлекать
attractive "привлекательный, притягательный"
aunt тетя
autumn осень
average "в среднем"
avoid избегать
awaken "пробуждать, просыпаться"
award "награда, награждать"
away "далеко, прочь, приставка ""у"" к глаголу"
back "спина, назад, обратно"
"back up" поддерживать
"bad - worse - the worst" "плохой – хуже – самый плохой"
badge значок
badly плохо
bag "мешок, сумка, чемодан"
barber парикмахер
"barrel (баррэл)" бочка
"be bored" скучать
"be born" родиться
"be interested in" интересоваться
"be married" "быть женатым"
"be single" "быть холостым"
beautiful красивый
beauty красота
"because of" "потому что"
bedroom спальня
beef говядина
before "перед, раньше"
beforehand заблаговременно
behave "вести себя"
behavior "поведение, поступки, манеры"
"being (биенг)" "существо, бытие, являющийся, находящийся"
belief "вера, убеждение"
believe верить
bell "колокол, звонок"
below ниже
bench скамья
benefit "пособие, выгода, приносить пользу"
betray "предавать, изменять"
better лучше
bill счет
bird птица
blade лезвие
blame "обвинять, упрек, осуждение, осуждать"
blind слепой
block "жилой дом"
boat "лодка, судно"
book "книга, заказывать (билет)"
booking резервация
boring "скучный, бурение, сверление"
both оба
branch ветка
"brand new" "совершенно новый"
brave "храбрый, смелый"
break "ломать, перерыв, разрыв"
breathe "дышать, вдыхать"
bright яркий
brightly ярко
bring "приносить, приводить"
"bring in" вносить
"bring out" выносить
"bring up" воспитывать
brittle хрупкий
brown коричневый
brush "щетка, чистить щеткой, причесывать"
"bucket (бакит)" ведро
build строить
building здание
burst "взрыв, лопнуть, разрывать"
busy занятый
but но
"but in spite of it" "но не смотря на это"
button пуговица
buy покупать
"by accident" нечаянно
accidentally "случайно, нечаянно"
"by chance" случайно
"by heart" "наизусть, на память"
"by mistake" "по ошибке"
"by road" "наземным транспортом"
"by the way" кстати
"by themselves, by yourself" самостоятельно
call "звать, навещать"
"call out" "вызывать, выкрикивать"
calm "спокойный, спокойствие, успокаивать"
camp лагерь
can "мочь, уметь"
cancel "отмена, Отставить! (военн.), отменять, аннулировать"
canteen "столовая, буфет"
care забота
carefully "внимательно, осторожно, тщательно"
carnet паспорт
carpet ковер
carry нести
"carry on" продолжать
"continue, go on" продолжаться
"proceed 
(proceed with you story)" "продолжать
(продолжайте свою историю)"
"carry out" "осуществлять, проводить"
casual "повседневная, случайная"
catch "поймать, ловить, улов, выгода"
cathedral собор
cause причина
ceiling столовая
celebration праздник
"cell phone" "сотовый телефон"
certainly "Конечно! Непременно!"
chair стул
change "изменение, перемена, изменять, менять"
chapter глава
charge "заряжать, заряд, обязанности, поручать"
cheaply дешево
cheerful "веселый, бодрый"
merry веселый
chest грудь
childhood детство
children дети
choice "выбор, отбор, лучший"
cinder пепел
circle "круг, кружок"
circuit "схема, цикл, цепь, контур"
claim "утверждать, претендовать, утверждение, претензия"
classmate одноклассник
clean чистый
clear "ясный, чистый"
clearly "Очевидно, ясно"
clever умный
intelligent "умный, смышленый"
cloakroom "гардероб, раздевалка"
close "близкий, тесный, закрывать"
coach тренер
coast побережье
coats "пальто, пиджак"
coincide совпадать
coincidence совпадение
cold "холодный, простуда"
"collect (кэллект)" "собирать, отбирать"
collision столкновение
"come from" происходить
"come out" "выходить, выступать, вылезать, появляться"
comfortable "удобный, комфортный"
"common (комэн)" "общий, распространенный, обычный"
"common people" народ
communicate общаться
compare сравнивать
competition "конкуренция, соревнование"
"complain (кэмплейн)" жаловаться
complete "полный, законченный, полностью, совершенно"
completely "полностью, совсем"
complicated сложно
"conclusion (кэнклюжен)" заключение
confidence доверие
confirm подтвердить
consequences последствия
consider "рассматривать, полагать, считать, учитывать"
considerably "значительно, изрядно"
"consist of (кэнсист)" "состоять из"
constantly постоянно
construction строительство
contain содержать
contents "содержание, содержимое, доволен"
contest соревнование
contribution "вклад, взнос, содействие"
convenient удобный
conversation "разговор, беседа"
cool прохладный
"cooler, fridge" холодильник
coped справлялся
corner угол
"correct (кэрэкт)" исправлять
"could run" "может работать"
"couple (капл)" "пара, соединяться"
courage "мужество, храбрость"
course "курс, блюдо, направление"
cover накрывать
crash врезаться
creature существо
creed "кредо, вероучение"
cross "переходить, пересекать"
"crowd (крауд)" толпа
crowded переполненный
"cruel (крул)" "жестокий, безжалостный"
"culture (колчер)" культура
cunning хитрый
"currency (каренси)" валюта
custom "изготовленный на заказ, обычай"
customer "клиент, заказчик"
"customs (кастемз)" таможня
cut "резать, стричь, разрез, порез, рана"
"cutting (катин)" "отросток, побег"
daily ежедневный
damage "вред, повреждение"
dark темный
darkness темнота
darling "любимый, любимая"
"days off" "выходные дни"
daytime "дневное время"
deal "сделка, иметь дело"
dear "дорогой, любимый, возлюбленный"
decent "порядочный, приличный"
decide решаться
decision решение
decorate "декорировать, украшать"
deep глубокий
defect "дефект, недостаток"
definite "определенный, точный, ясный"
definitely "решительно, определенно"
degree "градус, степень, уровень"
delay откладывать
delicious "очень вкусный"
delight восторг
"deny (динай)" "отрицать, отвергать"
department "отдел, отделение, факультет"
"department store" "универмаг, промтовары"
depend зависеть
describe описывать
description описание
desire "желание, пожелание, страсть"
destroy уничтожать
device "устройство, прибор"
devise "разрабатывать, изобретать"
devoted преданный
"diet (диит)" питание
differ отличаться
difficult трудный
dig копать
"dig out" выкапывать
diligent старательный
dinner "ужин, обед, банкет"
dip "погружать, окунать"
direction направление
dirt грязь
dirty грязный
disadvantage "невыгода, невыгодное положение"
disadvantage недостаток
disappear исчезать
disappointed разочарованный
discover "открыть, открывать, обнаруживать, находить"
discuss обсуждать
"disease, sickness, illness" болезнь
disillusion разочарование
dislike "не любить"
distinction "различие, отличие"
district "район, делить на районы, районный"
disturb "мешать, беспокоить"
dive нырять
divide "делить, разделяться, отделяться"
"doing nothing" "ничего не делать"
doll кукла
doubt сомнение
"drastically (драстикли)" кардинально
"drawback (дроубэк)" недостаток
dreadful "страшный, ужасный"
dress "платье, одежда, одеваться, парадный, плательный"
"driving licence" "водительские права"
drop "капля, уронить"
dry "сухой, сушить"
dubious "сомнительный, подозрительный"
"due to" "в связи, из-за"
dull скучный
during "в течение"
dust пыль
duty "пошлина, сбор"
each "каждый, всякий"
"each other" "друг друга"
ear ухо
early рано
easier легче
education "образование, обучение, воспитание"
effort усилие
egg яйцо
elder старший
embrace "охватывать, обнимать"
empty пустой
encourage поощрять
enjoy наслаждаться
enjoyable "приятный, доставляющий удовольствие"
enough достаточно
enter "входить, проникать"
entertainment "развлечение, увеселение"
entire "весь, полный, целый"
entrance подъезд
entry "запись, вход, вступление"
equipment "оборудование, оснащение"
escape "побег, выход, бежать, вырваться"
especially особенно
etc "и так далее"
even "даже, ровно, ровный"
evening вечер
exactly Именно!
exam экзамен
example пример
excellent "отличный, превосходный"
exchange обмен
exciting "захватывающий, волнующий"
excuse прощать
exercise упражнение
existence существование
expand "расширять, развивать"
expect ожидать
expensive "дорогой, дорогостоящий"
experience "опыт, опыт работы, переживание, стаж"
explain объяснять
express "выражать, высказываться"
fabulous невероятный
fail "терпеть неудачу, отказывать, выходить из строя, провал, неудача"
failure "Неудача, провал, неудачник"
faint "падать в обморок"
fair "светлый, справедливая, честно, ясно"
"fairly (fairly approximately)" "довольно, достаточно (достаточно, приблизительно)"
fairy "фея, волшебница"
fairy-tale сказка
faith "вера, доверие"
faithful верный
fall падать
"fall down" упасть
"fall out" выпадать
familiar знакомая
fancy "воображение, представлять себе"
far далеко
"far - farther - the farthest" "дальний – дальше – самый дальний"
fast скорый
fat "жир, толстый"
fate "судьба, участь"
fault "вина, неисправность, ошибка, дефект, придираться"
favor одолжение
favourite "любимая, излюбленная"
feed кормить
feel "чувствовать, щупать, трогать, осязать, искать на ощупь"
"feels sad" грустно
"feels sorry" жаль
fiction "фантастика, вымысел"
fill наполнять
find находить
"find out" "обнаруживать, разузнавать"
fine "штраф, оштрафовать, прекрасно, прекрасный"
firm "фирма, торговый дом, твердо, крепко"
"first of all" "прежде всего"
fish рыба
fit соответствовать
fitting-room примерочная
fix "фиксировать, исправлять, чинить, ремонтировать"
"fix up" "устроить, организовать"
flat квартира
flooded "затопленный, затоплять, заливать"
floor "этаж, пол"
flow течь
fog туман
foggy туманный
follow следовать
following следующий
fond любящий
food "еда, питание"
foolish глупый
for "в течение"
"for a change" "для разнообразия"
"for a while" "на некоторое время"
"for ages" "целая вечность, очень долго"
"for his sake" "ради него"
"for instance" например
force сила
foreign иностранный
forget забывать
forgive прощать
form "форма, вид, класс"
forward вперед
found "основывать, основываться, найденный"
foundation "фонд, учреждение, основание"
frank "откровенный, искренний"
free свободный
freeze замораживать
frequently часто
"friendly terms" "дружеские отношения"
frighten пугать
frontier граница
"full of pride" "полный гордости"
fun "забава, веселье"
funny смешной
further дальше
"furthermore (фёзэмоо)" "более того"
gadget приспособление
gain "получать, набирать, усиление, прирост"
gate "ворота, калитка"
gather собирать
generally "вообще, обычно, как правило"
get 
"get + существительное / местоимение" "получить, доставить, приобрести, достать, принести"
"get + прилагательное
The baby got hungry" "переход в другое состояние, становиться (ребенок проголодался)"
get "получать, попасть, становиться, добираться, приобретать, сесть, доставать, покупать, понимать"
"get to" уговаривать
"can he get this report by morning?" "Сможет он закончить этот отчет к утру?"
"i got there by train" "Я добрался туда на поезде"
"it is getting late and dark
i’m getting cold" "Вечереет и становиться темно
Я начинаю замерзать"
"get back" вернуться
"get hold of sthg" "суметь охватить"
"get in touch with" "связаться с кем-либо"
"get lost" потеряться
"get one's way" "добиться своего"
"get out" "выходить, выбираться"
"get ready" приготовиться
"get up" вставать
"get used to" привыкать
"getting away with" "сходит с рук"
gift "подарок, дар, талант"
"give a hand with sthg" "помочь в чем-либо"
"give up" сдаваться
glad довольный
gloomily мрачно
"go ahead" "вперед! Напролом!"
"going in for sport" "заниматься спортом"
good хороший
"good - better - the best" "хороший – лучше – самый лучший"
good-looking симпатичная
goods товар
gradually постепенно
graduating "Окончание (учебное заведение), располагать по порядку"
grateful благодарный
great "большой, великий"
grow расти
guess отгадывать
habit привычка
half половина
hall зал
"hand round" раздавать
hang "вешать, висеть"
happen "случаться, происходить"
hard "сильно, изо всех сил"
hardly едва
hardworking трудолюбивый
hare заяц
harmful "вредный, пагубный"
hastily поспешно
"have a look at sthg." просматривать
"have a shower" "принимать душ"
"have a treat" "довольствоваться, наслаждаться"
"have objection" возражать
"have to" "должен, быть должным"
heal лечить
health здоровье
hear слышать
heat "высокая температура, тепло, жара"
heater нагреватель
heavy тяжелый
"help out" выручить
her ее
here здесь
high высокий
"high time" "давно пора"
highly высоко
hill холм
hold "держать, владеть, вмещать"
hole нора
holiday "день отдыха, праздник, каникулы"
holy святой
honesty честность
honor честь
house Дом
housewife домохозяйка
how как
however "однако, впрочем, тем не менее, как бы ни, несмотря на то, несмотря на это"
hug обнимать
huge "огромный, громадный"
hungry голодный
hurry "спешить, торопиться"
"hurry up!" пошевеливайся
hurt "причинить боль, боль, вред, обида, ущерб, повредить"
hypocrisy "лицемерие, притворство"
"i am allowed (to)" "мне можно"
"i can't help it" "я ничего не могу поделать"
"i don't mean" "Я не имею в виду"
"i got used" "я привык"
i'd "я бы"
idea идея
"if you don't mind" "если ты не возражаешь"
ignition "воспламенение, зажигание"
illusion "иллюзия, несбыточная мечта"
imagine "воображать, представлять себе"
immediately "немедленно, сразу же"
impatient "нетерпеливый, нетерпимый"
important важно
"important - more important - the most important" "важный – важнее – самый важный"
impossible "невозможный, невыносимый"
impression впечатление
improve "улучшать, совершенствовать"
"in accordance with" "согласно, в соответствии с"
"in advance" "заранее, вперед"
"in any case" "во всяком случае"
"in case" "в случае"
"in fact" "на самом деле, фактически"
"in fall" осенью
"in front of" перед
"in his turn" "в свою очередь"
"In September" "В сентябре"
"in style" "в моде"
"In the afternoon" "После полудня, днем"
"In the evening" "Вечером, по вечерам"
"in the meantime" "тем временем"
"In the morning" "Утром по утрам"
"in time" вовремя
including "в том числе, включая"
incredible невероятный
indeed "действительно, в самом деле, впрямь"
indoors "в помещении, внутри дома"
influence "влияние, воздействие"
inside внутри
insome "В некоторых"
"instead of" вместо
insurance "страховка, страхование"
intention намерение
internal внутренний
interpreter переводчик
interrupt "прерывать, мешать"
"introduce oneself" представляться
invention изобретение
investigate "исследовать, расследовать"
invite приглашать
"is given much attention to" "уделяется большое внимание"
"is over" "окончен, окончена"
isn't не
issue "проблема, вопрос, спорный вопрос, издавать"
"it is unlikely that he will be able to" "Вряд ли он сможет"
"it takes me long" "это занимает у меня много времени"
item "пункт (повестки дня), предмет (в списке)"
its "ее, его, принадлежащий ему, принадлежащий ей, свой"
"it's a pity" жаль
itself "сама по себе"
join присоединяться
joke шутка
joy "радость, радоваться, притупляться"
judgment "суждение, усмотрение, приговор"
"jump, leap" прыгать
"just before" "как раз перед"
"juvenile (джувинайл)" юношеский
keep "держать, сохранять, хранить"
"keep fit" "поддерживать форму"
"keep in mind" помнить
kind добрый
kind вид
kitchen кухня
knife нож
knight рыцарь
knock стучать
knowledge знание
"lack of" "отсутствие, недостаток, нужда, не хватать, недоставать"
"lad, guy" парень
lake озеро
landscape пейзаж
large большой
last "последний, прошлый, длиться"
"last year" "В прошлом году"
late поздно
lately "за последнее время"
latter недавний
laugh "смеяться, смех"
lazy ленивый
lead "вести, руководить"
leader "лидер, руководитель"
leak течь
"learn, teach" учить
least "самый маленький"
leather кожа
leave "оставлять, забывать, покидать, бросать, заканчивать"
leg нога
leisure досуг
less "меньше, менее"
let "препятствовать, позволять, пускать"
"let down" подводить
"let me know" "сообщи мне, дай мне знать"
lever рычаг
licence разрешение
lie ложь
lie лежать
light светлый
lightning молния
like "любить, нравиться, словно, наподобие, так, как бы"
"like some" "как некоторые"
likely "вероятно, возможно"
"listen to" слушать
lively оживленный
load груз
local местный
lock "закрывать на ключ"
look "вид, взгляд, посмотреть, выглядеть"
"look for sthg." "искать что-либо"
"look here!" послушай-ка!
"look out!" "Осторожнее! Берегись!"
"look round" оглядываться
lord бог
lose "терять, утрачивать"
loud "громкий, громко"
lovely "прекрасный, красивый"
loyal "верный, преданный"
luck удача
mad сумасшедший
made сделанный
main "главный, основной"
majority большинство
make "производить, изготавливать"
"make do with sthg." "довольствоваться чем-либо"
"make out" понять
"make sure" убедиться
"make up" составить
mark "отметка, оценка"
master учитель
matter "вопрос, дело, иметь значение"
mature "зрелый, созревать"
"may be" "может быть"
meadow луг
mean "означать, среднее, середина"
meaning "смысл, значение, иметь в виду, значащий"
means "средство, способ"
medicine "медицина, лекарство"
meet "встречаться, собираться"
meeting совещание
melt таять
melting "таяние, плавление"
mention "упомянуть, упоминание"
middle середина
might мощь
mild "мягкий, незначительный"
mind "ум, мысль,возражать"
miracle чудо
miss скучать
"miss (miss the train)" "скучать, пропустить, опоздать"
mission "поручение, задание"
mistaken ошибочный
mistress хозяйка
"modesty (модести)" "скромность, сдержанность"
"Monday evening" "В понедельник вечером"
month месяц
mood "настроение, расположение духа"
moody "капризный, угрюмый, унылый"
moreover "более того"
most "больше всего, большинство, наиболее"
"most of all" "больше всего"
mostly "в основном, по большей части"
mountain гора
mouth рот
move "двигаться, движение"
"much more" "намного больше"
mushroom гриб
mystery тайна
nail гвоздь
nail гвоздь
narrow узкий
nature "природа, характер, натура"
"nearly the same" "почти такое же"
necessery необходимо
necessity необходимость
neck шея
"neglect [ni’glekt]" "пренебрегать, не заботиться"
neighbour сосед
nephew племянник
nervous нервный
nest гнездо
network сеть
never никогда
"never mind" неважно
"next week" "на следующей неделе"
nice "хороший, приятный, милый, добрый"
niece племянница
"no one" никто
"no wonder" неудивительно
nobody никто
noise шум
noisy шумный
nonsense "чепуха, ерунда"
nose нос
"not until" "до тех пор, пока не"
notice замечать
nowadays "теперь, в наши дни, в наше время"
nowhere "нигде, никуда, некуда, негде"
objection возражение
"objectively (обджективли)" объективно
obvious явный
occasion "случай, возможность, повод"
occasionally "время от времени"
occupation "занятие, род деятельности"
"of course" конечно
offer предлагать
often часто
old старый
"on account of" "вследствие, из-за"
"on foot" пешком
"on Monday" "в понедельник"
"on the whole" "в целом"
"on time" вовремя
once однажды
"one Day" "однажды, как-то"
"one should say" "следует (надо) сказать"
onto на
opening "открытие, премьера"
opinion мнение
opportunity "возможность, удобный случай"
"opposite (эпэзит)" противоположное
option вариант
order "распоряжаться, командовать"
ordinary обычный
origin "происхождение, начало"
originally первоначально
our наши
ourselves "себя, сами, себе, собой"
"out of the question" "не может быть и речи"
outlook кругозор
outward "наружу, вне, за пределы"
over "над, за, свыше,"
"over there" "Вон, там!"
overcome преодолевать
overcoming преодоление
owe "быть обязанным, быть в долгу"
own собственный
"own up" "признаться, покорно соглашаться"
pace "скорость, темп"
pack "пакет, упаковка, упаковывать"
paid оплаченный
pain боль
paint краска
pair пара
"parcel [‘pɑ:sl]" пакет
parents родители
part "часть, роль, деталь"
"part from" расставаться
participation участие
pass "проезжать, проходить (мимо)"
past "мимо, прошлое"
path "путь, тропинка"
patient "пациент, терпеливый"
"pavement [‘peivmənt]" тротуар
pay платить
"pay attention" "обращать внимание"
"pay off" выплачивать
"perfectly [‘pə:fiktli]" "идеально, замечательно"
perform "исполнять, представлять"
performance представление
perhaps наверно
permission разрешение
permit пропуск
personally лично
"persuade [pə’sweid]" уговаривать
pet "домашнее животное"
phrase фраза
"physician (физишн)" "врач, доктор, медик, терапевт"
pile куча
pillow подушка
pipe труба
pit "яма, карьер"
"pity [‘piti]" "жалеть, страдать"
place "место, положение, размещать, ставить"
plant сажать
pleasant "приятный, милый, славный"
pleasure "удовольствие, наслаждение"
plenty "много, достаточно, довольно, множество, изобилие"
pocket карман
"point of view" "точка зрения"
poison отравить
polite вежливый
pool лужа
poor бедный
"pop [pop]" "забежать к кому-либо в гости"
popularity популярность
population "население, жители"
position "должность, позиция"
possess "обладать, владеть"
possibility возможность
"possibly [‘pɔsəbli]" "может быть"
pot "чайник, горшок"
"powder [‘pɑudə]" порошок
prefer предпочитать
prepare "готовить, готовиться"
pretty "симпатичный, хорошенький, вещица, безделушка"
"prevent [pri’vent] from" "не допускать"
previous "прежний, прошлый, предыдущий"
price цена
pride "гордость, гордыня"
primary "первичный, основной"
"primary School" "начальная школа"
probably вероятно
promotion "продвижение, содействие"
pronouncing произношение
"proper [‘prɔpə]" правильный
"properly [‘prɔpəli]" "как следует, должным образом"
prophet пророк
protection "защита, покровительство"
proud "гордый, надменный"
prove "доказывать, подтверждать"
pull тянуть
punish наказывать
punishment наказание
pupils "ученик, зрачки"
push толкать
"push through" протолкнуть
put класть
"put away" прятать
"put on" надевать
quarrel "ссориться, спорить"
question вопрос
"queue [kju]" очередь
quick быстро
quiet тихий
quite довольно
rail "железная дорога, рельс"
rainy дождливый
rapid быстрый
rapidly быстро
rare редкий
rarely редко
rather "довольно, скорее"
"rather late" "довольно поздно"
reach "достигать, богатый"
reality реальность
realize "понимать, осознавать"
really действительно
reason причина
"reasonable (ризонэбл)" "разумный, резонный, обоснованный"
recently "в последнее время"
"recognize [‘rekəgnaiz]" "узнавать, распознавать"
recover восстанавливать
"reduced [ri’dju:st]" сниженный
"reduced to sthg." вынужденный
"reduction [ri'dʌkʃən]" снижение
reference "ссылка, справка, упоминание"
reflection отражение
"refrain [ri’frein] from" воздержаться
refreshment "освежение, отдых, восстановление сил"
refuse отказываться
regard "рассматривать, считать, относиться, что касается"
region область
relation "родственник, отношение"
relationship "связь, отношение"
relatives "родные, родственники"
"reliability (рэлайбилити)" надежность
reliable надежный
"rely on" "полагаться на"
remember помнить
remind напоминать
render оказывать
report "доклад, сообщить"
"require (реквае)" "требовать, нуждаться"
"research [ri’sə:tʃ]" исследование
resemble "быть похожим, походить на"
"residential area" "жилой район"
"resist [ri’zist]" "противиться, воздержаться"
response "ответ, ответная реакция"
responsible "в ответе, ответственный"
rest "отдых, отдыхать, остальное"
"restful [‘restful]" "спокойный, успокаивающий"
restore "восстанавливать, реставрировать, возобновлять"
retired "в отставке (на пенсии)"
return "вернуть, возвращение, обратный"
"review [ri’vju:]" "рецензировать, пересматривать"
"reward [ri’wɔ:d]" награда
ride поездка
"right away" тотчас
"right in front" "как раз перед"
"right now" "прямо сейчас"
riot "бунт, беспорядок"
"ripe [rɑip]" "созревший, зрелый"
rise "подыматься, вставать, увеличиваться"
risk риск
river река
role роль
roll вращать
"rotten [rɔtn]" "гнилой, испорченный"
round вокруг
"round up" "туда и обратно, сгонять, окружать, округлять"
"row [rɑu]" скандал
rub "тереть, растираться"
"rubber [‘rʌbə]" резина
rude грубый
run "бежать, двигаться"
"rut [rʌt]" "привычка, что-либо привычное"
sad грустный
"safe [seif]" безопасный
salesman продавец
same "тот же,"
sand песок
satisfaction удовлетворение
season "время года, сезон"
"secondary school" "средняя школа"
secretly тайно
seem "казаться, представляться"
"seem to" кажется
seldom редко
self-esteem "самооценка, самоуважение"
self-service самообслуживание
sell продавать
send посылать
sense "смысл, чувство, ощущение, ощущать"
sensitive чувствительный
sentence предложение
servant слуга
serve "служить, обслуживать"
set "набор, комплект, устанавливать, ставить"
settle селиться
several "несколько, некоторые"
sew шить
shake трясти
shape форма
share "делиться, доля"
shelves полка
shine светить
ship корабль
shirt рубашка
shoot вылететь
shore "побережье, берег моря"
short "короткая, короткий"
short короткий
shortly вскоре
should должен
shoulder плечо
shout кричать
"shy (шай)" "Застенчивый, робкий"
shyly "робко, застенчиво"
siblings "братья и сестры"
"sick, ill" болен
sigh вздыхать
sight "вид, взгляд, достопримечательность, зрелище"
silence безмолвие
silly глупый
similar "аналогичный, подобный, схожий, копия, двойник"
simple простой
since "поскольку, так как, с тех пор, со"
sincerely "с уважением, искренне"
sincerity искренность
sing петь
sit сидеть
site участок
"sitting - room" гостиная
size размер
sketch "эскиз, набросок"
skill "умение, навык"
skillful умелый
slight "незначительный, слабый"
slow медленный
smart умная
smell нюхать
smooth "гладкий, плавный, ровный"
"so at last" "так, что наконец"
sociable общительный
"society (сисайти)" общество
sock носок
soil почва
solid твердый
solution решение
solve решать
somebody кто-то
someone кое-кто
something что-то
sometimes иногда
somewhere "где-то, где-нибудь, куда-нибудь, куда-либо, где-либо, кое-куда"
soothe успокаивать
source "источник, исток, начало"
space пространство
spare "запасной, лишний, свободный"
speech "речь, слова"
spelling "написание, орфография"
spend проводить
spill разливать
spirit спирт
splash плескаться
splendid чудесный
spoil портить
stand стоять
stare "пристально смотреть"
state "состояние, государство, статус"
statement "заявление, утверждение"
stay "оставаться, жить, побыть, пребывание"
steal красть
steer рулить
stick "палка, придерживаться, держаться"
stocking чулок
"stomach muscles" "мышцы живота"
storage "хранение, хранилище, память"
strange "странный, чужой, незнакомый"
stranger "приезжий, не местный"
strength сила
strict строгий
strong сильный
subject предмет
suburb пригород
success успех
successful успешный
such "такие, такой"
sudden внезапный
suddenly вдруг
suffer "страдать, терпеть"
"suggest (суджест)" "предлагать, говорить о"
suit "годиться, подходить"
suitable подходящий
sunbathe загорать
sunset "закат солнца"
supper ужин
suppose предполагать
sure "конечно, безусловно"
surface поверхность
survive выжить
sympathy "сочувствие, симпатия, сострадание"
"take a seat" "занять место"
"take after" "унаследовать, уродиться"
"take off" снимать
"take on" предпринимать
"take out" "вынимать, приглашать (в кафе и т.д.)"
"take over" принимать
"take to pieces" "разбирать по частям"
"taking care" заботиться
talk "разговаривать, говорить"
talkative разговорчивый
talking говорящий
tall высокий
task "задача, задание"
tasty вкусно
team команда
tear рвать
tear слеза
tea-time полдник
teeth зубы
"tell something from something" "отличать что-либо от чего-либо"
temper самообладание
temporary временный
tender нежный
tent "палатка, навес, разбивать палатку, жить в палатках"
Testament "завет, завещание"
than "чем, нежели"
"thanks to" благодаря
that "тот, что, чтобы, то, который"
"that is why" "поэтому, оттого"
"that way" туда
"that's right" "именно так"
"the earth" земля
"the ground" "грунт, земля"
"The thing is" "дело в том"
their их
them "их, им"
then "затем, тогда, потом"
there "там, туда"
"there is" "есть, имеется"
therefore "поэтому, следовательно"
these эти
thing "вещь, предмет"
thinking мышление
this этот
"This evening" "Этим вечером"
"This morning" "Этим утром"
"this time" "в этот раз"
"this way" сюда
those те
"through (троо)" "сквозь, не смотря на"
"through the ages" "на протяжении веков"
throw бросать
thunder гром
thus "таким образом"
tidy аккуратный
tight плотный
till до
tiny крохотный
tired "усталый, уставший"
title "называется, заглавие"
"to achieve (ту эчив)" "достигать, добиваться"
"to come" "приходить, приезжать"
"to cook" готовить
"to eat" есть
"to form" "сформировать, формировать, создавать"
"to get away" уйти
"to have" "Иметь, проводить"
"to my mind" "на мой взгляд"
"to none" никому
"to open" открывать
"to say" "говорить, сказать"
"to stress" "подчеркивать, ставить ударение"
"To sum up" "подводить итоги, резюмировать"
"to take" брать
"to the pictures" "в кино"
"to want" хотеть
today сегодня
"tomorrow morning" "Завтра утром"
tonight "Сегодня ночью, сегодня вечером"
tooth зуб
top "вверх, верхний, высший"
towards "к, в направлении, навстречу"
towel полотенце
"traffic lights" светофоры
train "поезд, состав, обучать, тренировать, готовить"
trap "ловушка, улавливать"
travel "путешествовать, ездить"
treat "обходиться, относиться"
tree дерево
trend тенденция
trouble "беда, неприятность, беспокоить, беспокоиться"
trust "доверие, вера"
try пытаться
trying пытаясь
turn повернуть
"turn back" "повернуть назад"
"turn into" "превращать во что-либо"
"turn off" "Закрыть (кран), выключить (свет)"
"turn up" "внезапно появляться"
twice дважды
ugly страшный
uncle дядя
underground метрополитен
unfair "неправильный, несправедливый"
unfortunate "несчастный, неудачный"
ungrateful неблагодарный
unimportant неважный
union союз
"unique (юник)" "неповторимый, уникальный"
unit "блок, узел"
united "единый, дружный"
universe вселенная
unlike "в отличие от, непохожий на"
unlikely "вряд ли, едва ли, навряд ли"
unload разгружать
unpaid бесплатный
unpleasant неприятный
unusual необыкновенный
update "обновить, обновлять, модернизация"
uphill "в гору"
upon "на, по, после"
upset "расстроиться, огорчение"
"upset oneself" нервничать
up-stairs "вверх по лестнице"
up-to-date "современный, новейший"
useful полезный
usual обычный
usually обычно
valuable ценный
value "стоимость, ценность"
vanish "исчезать, пропадать, скольжение"
variety разнообразие
various "различный, многообразный"
vary "изменять, меняться"
vegetables овощи
view "вид, мнение, взгляд, пейзаж, точка зрения, картина"
village деревня
"Violence (вайлэнс)" "насилие, жестокость"
"Violent (вайлэнт)" "насильственный, яростный, агрессивный"
vision зрение
visit "посещать, наведывать, поездка, посещение"
visitor гость
"wait for" ждать
"waiting nothing in return" "ничего не ожидая взамен"
walk "ходить пешком"
"walking tour" "экскурсия пешком"
walrus морж
warm теплый
wash мыть
"wash up" "мыть посуду"
waste терять
watch "наблюдать, следить"
weak "слабый, слабовольный, бессильный"
wear носить
weather погода
weigh весить
well "что ж"
wet "мокрый, влажный, сырой"
whatever "без разницы"
wheel колесо
where "где, куда"
where где
wherefrom откуда
wherever "где бы, где бы ни, куда бы ни"
which который
while "в то время как, пока, до тех пор пока, тогда как"
whizz мчаться
who кто
whole целый
wholly "полностью, целиком"
whom кого
whose чей
wide широкий
widow вдова
will "воля, желание"
"will come true" сбудется
wise мудрый
wish желать
with с
"with one another" "друг с другом"
within "в, в пределах, в границах, внутри, не далее как"
"without leaving home" "не выходя из дома"
witness свидетель
wonder "задаваться вопросом, удивляться, чудо, удивление, изумление"
wooden деревянный
work работа
worker "работник, рабочий"
worry "беспокоиться, волноваться"
worth "стоимость, стоящий"
would бы
"would like" "хотел бы"
wreck крушение
writer "писатель, автор, сочинитель"
wrong неправильный
year год
yell "громко кричать, вопить"
yet "все же, все еще"
young молодой
youngster "молодой человек"
your Ваш
"you're mistaken" "вы ошибаетесь"
yourself "сам, себя"
youth юноша
just "просто, едва, только, только что"
ability "способность, возможность"
acceptable "приемлемый, допустимый"
accidental случайный
accommodation "помещение, жилье"
advanced "передовой, продвинутый"
affect "воздействовать, влиять"
afterwards "впоследствии, позднее"
reckless "безрассудный, опрометчивый"
"apologize = apologise" "извиняться, просить прощения"
apparently "очевидно, по-видимому"
approval "одобрение, утверждение"
adjustment регулировка
arrange "договариваться, устраивать"
ashamed пристыженный
attach "прикреплять, прилагать"
attachment "прикрепление, привязанность, присоединение"
aware "знающий, осведомленный"
awesome "здорово, устрашающий, отлично смотрящийся"
suggest "предлагать, говорить о, означать"
backwards "назад, обратно"
band "оркестр, лента, полоса"
bang "удар, стук"
bath ванна
bear "терпеть, выносить"
bend "сгибать, гнуть"
beneath "под, ниже, внизу"
beyond "за, по ту сторону, за пределами"
bin ящик
boil "вариться, кипятиться"
borrow "одалживать, занимать"
bottom "дно, низ, нижний"
"break down" "разрушать, разбивать на кусочки"
"break in" "вламываться, врываться"
"break out" "выламывать, выпихивать"
"break through" "прорваться, пробиться"
"break up" "крошиться на мелкие части"
brief "короткий, недолгий"
broad широкий
"bury (бэри)" "закапывать, хоронить, прятать"
bush куст
bye "до свидания"
"environment (инвайронмэнт)" "окружающая среда"
increase "увеличение, прирост, увеличиваться"
enterprise "предприятие, предпринимательство"
pollute "загрязнять, загрязнение"
plant растение
careless "неосторожный, небрежный"
interaction взаимодействие
"sign (сайн)" "знак, признак"
measure "мера, степень"
preserve сохранять
"vast (васт)" "огромный, обширный, громадный, безбрежный, простор"
"square (сквэ)" "квадратный, квадрат"
desert "пустыня, пустынный, скучная тема, скучная работа, необитаемое пустынное место"
account "счет, отчет, расчет"
sailor "матрос, моряк"
"I'm glad to see you" "я рад тебя видеть"
situate "размещать, располагать"
only "всего, только, лишь, единственно, всего-навсего"
mainly "в основном"
"tie (тай)" "галстук, связь, связать"
developed "развитой, развитый"
wool шерсть
"i don't care" "мне все равно"
"account
body language accounts for 55% of the effect we have when communicating" "счет, отчет, приходится"
"in other words" "другими словами"
caution "осторожность, предостерегать,"
cautious "осторожный, предусмотрительный"
maintain "поддерживать, сохранять в исправности"
"call back" перезванивать
"call off" "отменять, откладывать, переносить"
calmly "спокойно, невозмутимо"
challenge "вызов, сложная проблема, сложная задача"
charge "плата, цена, назначать, запрашивать цену"
cheat "обманывать, надувать"
cheek щека
cheque чек
chief "главный, основной"
circumstance "обстоятельство, случай"
closely "близко, вплотную"
"come down" "спускаться, опускаться"
"come up" "подниматься, возникать"
cruelty жестокость
dangerous опасный
deaf глухой
defeat "одержать победу, поражение, разгром"
defend защищать(ся)
delicate нежный
demand требовать
disapprove "осуждать, не одобрять"
distant "дальний, далекий"
duty обязанность
explanation "пояснение, разъяснение"
expression выражение
extra "добавочный, дополнительно"
extremely "чрезвычайно, крайне"
"i used to be" "я когда-то был"
"i'm used to be" "я привык быть"
"i would like to point up" "я хотел бы указать"
"point up" указывать
"no way" "ни за что"
Ain’t "is not, are not, am not"
Wanna "want to"
Gonna "going to"
Wannabee "человек, желающий быть похожим на какую-либо известную личность (Elvis Presley wannabees)"
Gotta "Have to"
Dunno "don’t know"
"Yep [jɛp] and Nope [nəʊp]" "Yes and No"
"come to know" узнавать
"take a while" "занять некоторое время"
"is this gonna take a while?" "Это займет некоторое время?"
"It was way back in (2005)" "Это было еще в (2005)"
"It doesn't go with your suit" "Это не идет вашему костюму"
"Have you met Ted" "Вы знакомы с Тедом"
"I can this" "Я могу справиться с этим"
"Damn it" "Черт возьми"
someday Когда-нибудь
handle "ручка, рукоять, держать в руках, обращаться, управлять, регулировать"
"Got it" понял
"plan out" планировать
"are you kidding" "Ты шутишь?"
asleep спящий
"before long" вскоре
ordinarily "обычно, обыкновенно"
"in a weird way" "странным образом, странно"
"ever since" "с тех пор"
"What are the odds?" "Каковы шансы?"
"if you feel like" "Если ты хочешь"
"I wish I could" "Мне хотелось бы, чтобы я мог"
"I see what this is about" "я понимаю о чем это"
eventually "в конечном счете, в конце концов"
"vow (воу)" клятва
"Take us" "отвези нас"
barely "едва, только, лишь, просто, прямо"
"That's gonna take a week ?" "Это займет неделю?"
"till break of dawn" "до начала рассвета"
"Dawn (доон)" рассвет
"break of 10.30" "продолжалось до 10.30?"
"or no dice" "или я не играю"
"I'll be right there" "я буду именно там"
"It had absolutely nothing to do with" "это не имело никакого отношения к"
"It has to do with …" "это связано с, это имеет отношение к …"
"since when" "с каких пор"
"since about" "так как, примерно"
"she said something about me, didn't she?" "Она сказала, что-то обо мне, не так ли?"
"run into" "столкнуться, случайно встретиться"
"make yourself at home" "чувствуй себя как дома"
skyline горизонт
congratulate поздравлять
congratulations поздравляю
"if it hadn't been for that shirt" "если бы не эта рубашка"
"That's the crazy part" "это самое смешное"
"The point is" "дело в том"
"I could've" "я мог бы"
finally "окончательно, в конце концов, в конечном счете, наконец"
"this wasn't about the money" "это было не из-за денег"
underappreciate недооценивать
"at the time" "в то время"
"hard workers" работяги
"kinda (kind of)" вроде
"you didn't" "нет, ты не сделал этого"
"Well, guess what?" "Эм, знаешь что?"
"It turns out" "Оказалось, получается"
become "становиться, быть к лицу, годиться"
anyway "в любом случае, так или иначе, как-нибудь, кое-как"
"What's going on?" "Что происходит?"
sweet "сладкий, милый, нежный"
"These look kind of like book" "Это смахивает на книгу"
bartender бармен
buddy "дружище, приятель"
"Yeah, and say what?" "Да, и что сказать?"
"for a reason" "не просто так"
"and it's gonna keep on happening until…" "И это будет происходить пока …"
"keep on" "Продолжай, продолжать, не снимать, сохранять в прежнем положении"
"Take it slow" "Действуй не спеша"
"what time it is?" "Который сейчас час?"
forbidden запрещено
forbid "запретить, запрещать"
"if only you could see yourself" "Если бы вы могли видеть себя"
way "способ, путь, далеко, значительно"
"How way?" "Насколько намного?"
setting "установка, окружающая обстановка, художественное оформление"
"write down" записывать
"How's it going?" "Как дела?"
"we go way back" "Мы возвращаемся обратно"
"Isn't there room for just one more person?" "Разве нет места для еще одного человека"
"But, to be fair" "Но, если честно"
"Around the corner" "За углом"
whether ли
straight "прямо, сразу, подряд, немедленно"
"bring it on" "давай, пусть так и будет"
"put up" "мириться, терпеть, вкладывать"
remain "Оставаться, продержаться, пребывать на прежнем месте, пребывать в прежнем состоянии"
"where it belongs" "где ему и место"
"Because of the whole thing" "Это все из-за того…"
"by then" "к тому времени"
"for now" "пока еще, на данный момент"
"come over" "присоединяться, приезжать"
"I guess" "Я полагаю"
"If anything" "Что бы там ни было"
"sure enough" "Как и следовало ожидать, без сомнения"
"All the way here" "Прямо сюда"
absent "нет на месте, отсутствовать, отлучаться, без"
"let it go!" "перестань!, отпусти ситуацию!"
"that is for sure" "это уж точно"
"good enough" "ну и ладно"
"count on" "рассчитывать на"
innocent "невинный, наивный, простодушный"
"Here’s the thing" "Вот в чем дело"
"i got to go" "мне нужно идти"
cause "причина, повод, быть причиной, вызывать"
fear "Страх, боязнь, бояться, опасаться"
"supposed to be" "должно быть"
"in order to" "для того, чтобы"
"attentively (атентивли)" внимательно
concern "беспокойство, касаться, заботиться, относиться"
satisfy "Удовлетворять, отвечать требованиям"
contempt "презрение, неуважение"
prompt "подсказка, напоминание, быстро, точно"
"who cares?" "какая разница?"
destiny "судьба, удел, предназначение, неизбежность"
"Take for instance" "возьмем к примеру"
lest "Чтобы не, как бы не, как бы ни"
"i want to make this right" "Я хочу все исправить"
"could be" Возможно
difference "различие, отличие"
difficulty трудность
disagree "не соглашаться, не совпадать, противоречить"
disgusting противный
dish блюдо
eager "Нетерпеливый, стремящийся"
edge "Кромка, край"
enemy враг
excited "возбужденный, взволнованный"
exhibition выставка
exploration "исследование, изучение"
feature "Особенность, характерная черта"
append "Присоединять, добавлять, привешивать в конец"
female "женский пол, самка, женщина"
fence "забор, ограждение"
"figure out" выяснить
figure "цифра, фигура, рисунок"
float "плавать, держаться на воде, поплавок"
future будущее
generous "щедрый, великодушный"
gentle "ласковый, нежный"
genuine "истинный, реальный"
government правительство
grade "степень, класс, сорт"
guide "руководство, руководить, вести, направлять"
guilty "виновный, виноватый"
"hold out" "продержаться, держаться до конца, не сдаваться"
instant "мгновенный, растворимый"
journey "путешествие, поездка"
juice сок
keen "острый, сильный, резкий"
lonely одинокий
"look after" "Присматривать, ухаживать за"
"look around" осматривать
"look back (on)" "Оглядываться (на)"
"look up" "искать (в справочнике), поднимать глаза вверх"
loss "потеря, утрата, пропажа"
lower "нижний, низший"
male "самец, мужской пол"
meanwhile "между тем, тем временем"
mess беспорядок
occur "происходить, приходить на ум, попадаться"
otherwise "в противном случае, иначе"
excel превосходить
"we agreed" "мы договорились, мы согласились"
"I agree" "Я согласен"
provide "Предоставлять, предусматривать, обеспечивать"
somehow "как-нибудь, как-то, почему-то"
essential "Существенный, основной, необходимый"
postpone "Откладывать, отсрочивать"
"No big deal" "Ничего особенного"
"What’s the big deal" "Какая разница"
"one at a time" "по одному"
"what for" зачем
"There is no way" "выхода нет, нет возможности"
insist "настаивать, настоять, настойчиво утверждать"
involve "включать, вовлекать, впутывать"
violation нарушение
desperate "отчаянный, безнадежный"
"to take action" действовать
"effortless (эфотлэсс)" Легкий
suspect "подозревать, полагать, предполагать, подозрительный"
"imply (имплай)" "подразумевать, означать, предполагать, значить"
staircase лестница
"cosy (коузи)" уютный
"awful (оуфул)" ужасный
greatly "значительно, очень, весьма"
"any at all" вообще
"if any at all" "если вообще таковые имеются"
"get on" "ладить, уживаться"
"getting along" преуспевать
detached отдельный
"as much" столько
shortage нехватка
"worth it" "оно того стоило"
"is happening" "это по настоящему"
willing "готовый, старательный"
overhear подслушивать
deserve "заслуживать, быть достойным"
ridiculous "смешной, нелепый"
"fall apart" "развалиться, распадаться"
voting голосование
vote голос
"from above" сверху
"from below" снизу
despite "несмотря, вопреки"
regardless "не считаясь ни с чем, не обращая внимание, не смотря на"
negotiation "переговоры, согласование, обсуждение условий"
hopeless "безнадежный, безвыходный"
importance "важность, значение, значительность"
"utmost (оутмоуст)" "самое большое, предельное, крайнее"
"it is been 5 years" "прошло 5 лет"
"not yet" "пока еще нет"
"I made myself clear" "Я ясно дал понять"
"move on" "двигаться дальше"
"as if" "как будто, словно"
intend "намереваться, подразумевать"
assume предполагать
wrap заворачивать
outline контур
specify "указывать, уточнять"
"vice versa" наоборот
"for real" "серьезно, по-настоящему"
"this is not true" "это не так"
differently "иначе, различно, по-иному, по-разному"
"be back" вернуться
"be over" "подойти к концу"
"be up" проснуться
affordable "доступный, допустимый, по средствам"
regard "что касается, относиться, считать"
assume предполагать
wrap заворачивать
outline контур
specify "указывать, уточнять"
"vice versa" наоборот
"for real" "серьезно, по-настоящему"
"this is not true" "это не так"
differently "иначе, различно, по-иному, по-разному"
"be back" вернуться
"be over" "подойти к концу"
"be up" проснуться
"break out" "вспыхнуть, вырваться"
"check in" зарегистрироваться
"cut off" "отрезать, прерваться"
"dream up" выдумать
"look forward to" ждать
"pull on" надевать
"switch off/on" выключать/включать
"watch out" "вести себя осторожно, начеку"
"work up" разработать
neat аккуратный
affair дело
"to begin with" "начнем с того, что"
"frankly speaking" "откровенно говоря"
"to be more precise (присис)" "чтобы быть более точным"
"to be quite frank" "совершенно откровенно"
"to cut a long story short" "короче говоря"
"to put it bluntly" "грубо говоря"
"to put it in a nutshell" "вкратце, в двух словах"
"to say the least" "без преувеличения, по меньшей мере"
"so to speak" "так сказать"
"to put it mildly" "мягко говоря"
"strange as it may seem" "как ни странно"
"to sum it up" "подводя итоги"
"to tell the truth" "по правде говоря"
"strictly speaking" "собственно говоря"
"for years to come" "на долгие годы"
"take the trouble" "потрудиться, взять на себя труд"
"to get it right" "понять правильно"
scope "объем, пределы"
appropriate присвоить
"much like" "так же как"
narrate "повествовать, рассказывать"
dare осмелиться
"upside down" "вверх ногами"
"long, long ago, way back" давно
"you may well" "ты вполне можешь"
encounter "столкновение, неожиданная встреча"
hence следовательно
ultimately "в конечном счете, в конце концов"
significant существенный
confidently уверенно
assured уверенный
quarter четверть
distracted "рассеянный, обезумевший"
"continually, over and over again" "беспрестанно, снова и снова"
"for ever and ever" навсегда
awake "бодрствующий, проснуться"
"not at all, It's my pleasure" "не за что"
"on my own" самостоятельно
"by my own" "в одиночку"
"by my side" "на моей стороне"
"on his own, on her own" "сам по себе, сама по себе"
collaborate сотрудничать
"free of charge" бесплатно
"time and time again" "снова и снова"
inescapable "неотвратимый, неизбежный"
paramount "первостепенный, важнейший"
perform "выполнять, совершать, исполнять"
confuse "сбивать с толку, смущать, спутывать"
"Looking forward" "жду с нетерпением"
sequence последовательность
terrify "устрашать, вселять ужас"
evenly равномерно
"till late at night" "до поздней ночи"
"let it be" "будь как будет"
accomplish "выполнять, достигать, доводить до конца"
dedicated преданный
"per days" "за сутки"
"per day" "в день"
temptation "искушение, соблазн"
"short term" "короткий срок, краткосрочный"
"in closing" "в заключение"
commend "рекомендовать, хвалить"
"feel free!" "не стесняйтесь!"
"fall asleep" заснуть
resentful обиженный
clarity "ясность, четкость, прозрачность"
truly "действительно, поистине"
"get stuck" застревать
"inwardly (инвердли)" "про себя, внутри, в душе, в уме"
overly "чрезмерно, слишком"
"the one" тот
"the ones" те
"all the while" "все это время"
endless бесконечный
reject "отклонять, выбраковывать"
match "соответствовать, совпадать"
inspire "вдохновлять, воодушевлять,внушать"
extreme "крайность, крайняя степень"
entirely полностью
beware "остерегаться, беречься"
"rather than" "скорее чем, а не"
"so far" "до сих пор, пока"
"this comes as no surprise" "это не удивительно"
"give a ride" подвезти
"give a ride home" "подвезти домой"
"over time" "спустя некоторое время"
shift "сдвиг, изменение"
"there is thing to say" "есть, что сказать"
"a little" немного
clarify "уточнить, прояснить"
"a while back" "некоторое время назад"
"all of a sudden" вдруг
commit "совершать, фиксировать, вводить в дело"
some "перед неисчисляемыми - “некоторое количество”, перед исчисляемыми - “несколько” 
“некоторые”
Только в утвердительных предложениях"
any "в утвердительных предложениях - “любой”
в отрицательных - вместо some"
outcome "результат, исход"
"all day long" "весь день напролет"
as..as "такой же...как, так же...как"
"not as .. as" "не такой... как"
"i feel like reading" "мне хочется ..."
"they have nowhere to go" "Им некуда идти"
either "или, любой, один из двух, оба. В отрицательных предложениях - «ни тот, ни другой» или «ни один из двух»"
neither "ни, ни тот ни другой,"
countless бесчисленный
"get back" возвращаться
"why on earth" "с какой стати"
"bless you" "будьте здоровы"
"so do i" "я тоже"
invoke "вызывать (функцию)- в программировании"
intimidate запугивать
"determine (дитермин)" "определять, устанавливать"
particularity особенность
presence присутствие
simplicity простота
"subtle (сэтл)" "тонкий, едва различимый"
"to keep track" отслеживать
alongside рядом
produce "производить, вырабатывать"
demeanor поведение
"for the sake of it" "ради этого"
pointless бессмысленный
adopt "принимать, перенимать, усыновлять"
"outside the box" нестандартно
"convince (кэнвинс)" "убеждать, уверять"
"resourceful (сорсфул)" находчивый
"once upon a time" "когда-то, давно"
"to have a good time" "хорошо проводить время"
"for how long a time?" "в течение какого времени?"
repeatedly "неоднократно, повторно"
straight "прямой, подряд"
"five day straight" "пять дней подряд"
"other way around" наоборот
"when it comes to" "когда дело доходит до"
thereby "таким образом, тем самым"
face сталкиваться
discontent недовольство
"to top it off" "в довершение всего"
"i can turn this around" "я смогу все исправить"
"i couldn't agree more" "не могу не согласиться"
"to do that" "для этого"
"if any" "если есть"
overestimate переоценивать
"so that" "так чтобы, так что"
"so as to" "так чтобы"
"get carried away" увлечься
"let alone" "не говоря уже о ..."
"you are doing great" "ты прекрасно справляешься"
"this feels so right" "это так хорошо"
"after a while" "спустя некоторое время"
restless "беспокойный, неугомонный"
"give it a try" попытаться
ad "объявление, реклама"
timeless вечный
"evil (ивэл)" "зло, злой"
"abandoned (эбанденд)" заброшенный
acknowledge "признавать, вознаграждать"
rival "соперник, соперничать"
resemblance сходство
superficial поверхностный
destined предназначенный
unable "не в состоянии, неспособный"
prescription рецепт
savage дикарь
foresee "предусмотреть,предчувствовать, предвидеть"
crudly грубо
sole единственный
basically "в основном"
"up to" "вполь до"
"up to date" "до настоящего времени"
"up to you" "вам решать"
"up to now" "до сих пор"
"in whisper" шепотом
"in a loud voice" "громким голосом"
"to somebody’s mind" "по чьему-то мнению"
"in somebody’s opinion" "по чьему-то мнению"
"double down on, double" удвоить
"triple down on, triple" утроить
endure терпеть
"give up on" "отказаться от"
acquire приобретать
"you're willing" "ты готов"
"and so forth" "и так далее, и тому подобное"
"all along, all the time" "все это время"
"the whole thing" "все это"
"push away" отталкивать
"very last" "самый последний"
profit "выгода, польза"
estate имущество
impact "влияние, воздействие"
"for a little while" "на некоторое время"
respectively "соответственно, в указанном порядке"
fallacy заблуждение
"mind your own business" "Не ваше дело! Занимайтесь своим делом!"
"who for" "ради кого"
"whole point" "весь смысл"
"I wish you all the best" "Я желаю тебе всего самого лучшего"
"for Nothing" "понапрасну, без пользы"
"at some point" "в какой-то момент"
"i'm in a hurry" "я спешу"
receive "получать, принимать"
"something got in the way" "что-то мешает"
"no hard feelings" "никаких обид"
threat угроза
mindful внимательный
reply "отвечать, ответ, отчет"
mindset "образ мышления"
"i would have some coffee" "я бы выпил кофе"
"i will come now" "я сейчас приду"
stubborn "упрямый, упорный"
"year in year out" "из года в год"
"everything else" "все остальное"
"we're forced" "мы вынуждены"
"That’s not the case" "это не тот случай"
"trust to, trust with" "доверять что-либо кому либо"
"who to trust" "кому доверять"
"pay mind" "обратить внимание"
"every now and then" "время от времени"
"everyone else" "все остальные"
"take your time" "не торопись"
"changed my mind" передумал
"life is nothing but ..." "жизнь не что иное, как"
"is nothing but" "ничего кроме"
"based on ..." "судя по ..."
pursuit стремление
"for the rest" "что касается прочего, что до остального, в остальном"
"to get rid of" "избавиться от"
namely "а именно"
"so am i, me too" "я тоже"
"walking down" спускаясь
"i got more things done" "я сделал больше вещей"
"get something out" "получить что-то"
"nothing will" "ничего не получится, ничего не будет"
"to hold on" подождать
"either way" "так или иначе, в любом случае"
"such as" например
"very few people" "очень немногие люди"
"but this is nothing compared to the ..." "но это ничто по сравнению с ..."
overall "в целом, общий, полных"
"i have no options left" "у меня не осталось вариантов"
"it has not worth it" "это того не стоит"
tightly "плотно, крепко, наглухо"
"two more" "еще два"
"go past" "пройдите мимо"
"how do i get to …, can you tell me the way to" "как мне добраться до ..."
"what’s that over there?" "что это там?"
inherently "по существу, от природы"
prohibit запрещать
"get away" "спасаться, избегать, поехать куда-то отдыхать"
"get back to" "перезванивать кому-либо позднее, связываться позднее"
"get behind" "опаздывать, просрочивать"
"get by" "выживать, обходиться"
"get off" "выходить из транспорта, заканчивать работу"
"get over" "оправиться, пережить"
"get together" "собираться вместе"
"get up" "вставать, принимать стоячее положение"
"give in" "уступить, сдаться"
"the very words" "те самые слова"
"shy away" уклоняться
"in total" "в целом, в итоге, в сумме, итого"
approach "приближаться, приближение, подход"
corresponding "соответствующий, подобный"
eternal вечный
perception восприятие
robust "крепкий, сильный"
absorb "поглощать, впитывать"
abuse "злоупотреблять, оскорблять, плохо обращаться, злоупотребление, оскорбление"
accompany "сопровождать, сопутствовать"
accuse обвинять
adapt адаптироваться
advert "объявление, касаться, обращаться"
advertising "реклама, рекламирование"
"ban (бан)" запрет
bat "летучая мышь"
"behalf of" "от имени"
bid "заявка, предложение цены"
bin "мусорное ведро, бункер"
beard борода
bone "кость, костяк, скелет"
breast грудь
buyer покупатель
"cap (кап)" шапка
capable "способный, могущий"
capture захватить
cartoon мультфильм
"cereal (сириэл)" "крупа, каша"
cheek щека
"it happens" "такое случается"
hill холм
"stand out" "выделяться, выступать"
anniversary "годовщина, юбилей"
"he is considered (кэнсидэрт)" "он считается"
wicked "злой, безнравственный"
persuasion убеждение
particular "особый, специфический"
sink тонуть
"just over a year ago" "чуть больше года назад"
"set sail" отплыть
sufficient достаточно
"it is said" говорят
launch(лоонч) запускать
"think of" придумывать
steam пар
"was short lived" "был недолгим"
sometime когда-то
"i cannot stand" "я не терпеть не могу"
"you are not allowed" "вам не разрешено"
"not necessary" "не обязательно"
necessarily обязательно
"i got enough of that" "мне это надоело"
slightly слегка
assumption предположение
arbitrary "произвольный, случайный"
"at the height of working hours" "в разгар рабочего дня"
"have some rest" "немного отдохнуть"
"i think this will do" "я думаю это подойдет"
"will do" "подойдет, будет полезным, будет соответствовать"
"telephone will not do" "по телефону не получится"
"it calls for a good celebration!" "нужно как следует это отметить"
"be about
(So, what are you about to do?)" "быть готовым сделать что-то прямо сейчас"
"let’s suppose" "(давайте) предположим"
"you are your usual self" "ты как обычно"
"can hardly" "вряд ли"
"all of the kind" "все в таком роде"
"just in case" "на всякий случай"
"give a call to him" "позвони ему"
"on the word" "без промедления, мгновенно"
"we can do with something" "нам может пригодиться"
"when we want something to happen" "когда мы хотим чтобы что-то произошло"
"from within" изнутри
"take this lightly" "относиться к этому легкомысленно"
separate "отдельный, самостоятельный, отделять, разделять"
"to make it happen" "чтобы это произошло"
"flaw (флоо)" недостаток
supposedly "якобы, предположительно, по общему мнению"
duration "продолжительность, длительность"
exploit эксплуатировать
"narrow down" "сузить, сводить к"
testimonial "отзыв, характеристика"
proposal предложение
proof "доказательство, проверка, устойчивый, непробиваемый"
void пустота
"it is no use, it's no-good" бесполезно
"in terms" "с точки зрения"
"do well" преуспевать
"not that much bad" "не так уж и плохо"
struggle "борьба, усилие, напряжение, бороться, пробиваться"
whatsoever "что бы то ни было, какой бы ни"
predict прогнозировать
traits черты
humility смирение
"bring back" "вернуть, возвращать"
obtain "получать, приобретать"
insane "безумный, ненормальный"
"behalf of" "от имени"
"it comes down to" "это сводится к"
diversity разнообразие
insight "понимание, интуиция"
"as you go" "по мере продвижения"
appeal "обращение, призыв"
"content with" довольствоваться
weakness слабость
strengths "сильные стороны"
"curious (кюриос)" "любопытный, странный, любознательный"
"curiosity (кюриосити)" любопытство
"nothing is clear" "ничего не понятно"
"more than twice as much tea as coffee" "более чем в два раза больше чая чем кофе"
"but in some ways" "но в некотором смысле"
"make a point" "принимать решение (окончательное)"
"make room" "потесниться, освободить место"
acclaim "признание, возгласы одобрения"
profitable выгодно
"make it plain" разъяснить
"nothing seems to have happened" "кажется ничего не произошло"
inhabitant житель
"pass by" "проходить мимо"
"authorities (оусоритис)" "органы власти"
"nearby (нирбай)" "рядом, поблизости, близлежащий"
natural "естественный, подходящий человек"
"tech (тэк)" технология
oblivious "не обращающий внимание"
implication "причастность, поддекст, смысл"
implications последствия
relevant соответствующий
discard "отбрасывать, отказываться"
"talk over (let’s talk this over)" "поговорить (давай поговорим об этом)"
"fade away" "угасать, исчезать"
"on and off" "время от времени"
"how come" "как так, почему так выходит"
"how does it feel" "каково это"
"come around" "подходить, приходить, приближаться"
"start becoming aware" "начни осознавать"
mankind человечество
"from now on" "отныне, с этого момента"
"on your left" "слева от вас"
"to the left of" "слева от"
"go back" вернитесь
"turn around" повернись
freeway автострада
"do not go farther than" "не едьте дальше"
"take part" "участвовать, принимать участие, вступиться"
expenses "затраты, расходы"
"at the expense" "за счет"
"is meant for" "предназначено для"
"back then" тогда
"no longer" "больше никогда"
"if i care" "волнует ли меня"
"not fair" "не честно"
"over the past ten years" "за последние 10 лет"
"be proud of" "гордиться чем-либо, кем-либо"
"no real experience is needed" "никакого реального опыта не требуется"
exhausted "усталый измученный"
"i fell behind" "я отстал"
"torn,torn apart" разорванный,растерзанный
consistency "единообразие, последовательность, согласованность"
"had better (you had better finish the report)" "было бы лучше, лучше бы"
whereas "тогда как, в то время как"
"to bother" "беспокоить, беспокоиться, хлопотать"
affect "влиять, затрагивать"
annoy раздражать
anxiety тревога
anxious "тревожный, озабоченный"
broadcast "трансляция, вещать"
ceiling потолок
climb взбираться
combine "сочетать, объединять"
cupboard шкаф
curve кривая
elbow локоть
election выборы
embarrass "смущать, стеснять"
employ нанимать
gradual постепенный
injury "травма, повреждение"
insect насекомое
mix "смешивать, сочетать"
offense "правонарушение, нападение, оскорбление"
partly "отчасти, частично"
praise "похвала, хвалить"
remain "оставаться в каком-либо состоянии"
shot "выстрел, кадр"
sincere искренний
slight "незначительный, небольшой"
swallow глотать
swing "качаться, размахивать"
throat горло
unite объединяться
wealth богатство
"start over" "начать сначала"
"in exchange" "в обмен, взамен"
"for once" "хоть раз"
"far too" слишком
"how much is" "сколько стоит"
"if you are serious about being seen as ..." "если ты серьезно настроен на то, чтобы тебя увидели как ..."
"you’re the best fit for" "ты лучше всего подходишь для"
"have time" успевать
rescue спасение
concrete бетон
elsewhere "в другом месте"
trousers брюки
"nurse (нэрс)" медсестра
nil ноль
"healthy (хэлси)" здоровый
granny бабуля
observer наблюдатель
matter дело
candy конфеты
refrigerator холодильник
shore берег
couch диван
remark замечание
dismiss отклонять
divorce развод
heat "высокая температура"
"nonetheless (нонзелес)" "тем не менее"
bond связь
pan кастрюля
somewhat "в некотором роде"
shave брить
grocery продуктовый
compete конкурировать
literally буквально
plug штепсель
"yell (йел)" вопить
subsequently впоследствии
ownership владение
plot сюжет
poster плакат
satisfied доволен
"they pretend to be strong" "они притворяются сильными"
"now that" "теперь, когда"
"how do they know" "откуда они знают"
"here you are" "вот, пожалуйста"
"here we are" "а вот и мы! Вот то, что нам нужно! Вот пожалуйста"
"here we go" "вот так"
"here it is, (here he is)" "вот и оно, вот оно, (вот и он)"
"be better off (they are better off go away)" "будет лучше (им лучше уйти)"
"once again" снова
"for uniformity" "для единообразия"
overkill перебор
"compared to" "по сравнению с"
stuck застрявший
"we are stuck" "мы застряли"
"there is never" "никогда не бывает"
"almost there!" "почти готово!"
"halfway through" "на полпути"
inheritance "наследие, наследство"
"the more, the better" "чем больше, чем лучше"
aggregate совокупность
"in the long run" "в конечном итоге"
"without giving much thought" "не задумываясь"
harm "вред, вредить"
"as many as … (3 dishes)" "целых … (три блюда)"
virtually "практически, фактически"
"but again" "но опять же"
whatnot "еще много чего"
incapable неспособный
"gone are the days of" "прошли те времена"
"there's more to life" "в жизни есть нечто большее"
"and away we go" "и понеслось"
sustainable стабильный
retain сохранять
"the way it is" "как оно есть"
"to the full, to the fullest" "в полной мере"
debt долг
leaking утечка
"as long as" "пока, при условии, так долго как"
time-tested "проверенная временем"
"from this point on" "с этого момента"
henceforth "впредь, далее"
omit пропускать
"concise (консайз)" "краткий, лаконичный"
"so far so good" "все идет нормально, пока все хорошо"
malformed "уродливый, плохо сформированный"
excuse "извинение, оправдание, прелог"
irreplaceable незаменимый
"more likely to (more likely to be)" "с большей вероятностью (с большей вероятностью будет)"
controversial спорный
explode взрываться
"keep up" "продолжать, поддерживать"
"time to spare" "свободное время"
plausibly правдоподобно
"slip back" отступать
"slip on" надевать
reveal "раскрывать, открывать, обнаруживать, разоблачать"
voluntary добровольный
undertake "предпринимать, предпринять, браться"
rhyme рифма
stairway лестница
"in bygone days" "в былые дни"
needless ненужный
exertion напряжение
rumour слух
"as we age" "с возрастом"
numerous многочисленные
uncommon "необычный, необыкновенный"
coined выдуманный
suspend приостанавливать
"it is desired" желательно
eternity вечность
primarily "прежде всего, в первую очередь"
"in the same spirit" "в том же духе"
"leave alone" "оставить в покое"
"come across as" "выглядеть как"
"meant to be" "суждено быть"
"as opposed to" "в отличие от"
"taken to an extreme" "в крайнем случае"
sorta "вроде как"
"you need to approach it as ..." "тебе нужно подойти к этому как..."
"to have bad luck (i have bad luck)" "не везти, иметь невезение"
"to get fit" "приходить в форму"
lovely "чудесный, очаровательный"
"hardly ever" "практически никогда, очень редко"
"matter of time" "вопрос времени"
"you won’t have hard time (doing something)" "для вас не составит труда (сделать что-то)"
downward ухудшающийся
"faith (faith in the future)" "вера (вера в будущее)"
confess признаваться
"to board the plane" "сесть в самолет"
"along the way" "по пути"
mentally умственно
"on his behalf" "от его имени"
"do you mind?" "Вы не возражаете?"
predictable предсказуемый
restrict ограничивать
actionable действенный
annual ежегодный
specifically конкретно
distinctly отчётливо
round-bellied пузатый
sleigh "сани, санки"
propagate "распространять, размножать"
spread распространять
globe "земной шар, глобус"
inventor изобретатель
tissue ткань
fellow "парень, человек, товарищ"
enforce принуждать
simultaneous одновременно
"obliged (облайжд)" обязан
vital "жизненно необходимый"
advisable желательно
"i'd love" "я бы хотел, я бы с удовольствием"
"is not it?" "не так ли?"
sideway боком
former "бывший, прежний"
crucial ключевой
"on the decline" "на спаде"
minor незначительный
unstable неустойчивый
decline "спад, снижение, уменьшаться"
"back off" отвали
inevitable неизбежный
"for evermore" навсегда
outskirts окраина
"once a year" "раз в год"
unfortunate "несчастный, неудачный"
appointed назначенный
throng толпа
steed конь
venture риск
forth вперед
abundance "избыток, изобилие"
weep плакать
slope "склон, уклон"
summit вершина
inscription надпись
wipe вытирать
ponder "обдумывать, размышлять"
rusted ржавый
rust ржаветь
rush "порыв, сильное желание"
subconscious подсознание
trial "пробный, испытательный, испытание"
repetition повторение
"facial expression" "выражение лица"
"water down" разбавлять
envy завидовать
contrary вопреки
wage "заработная плата"
failsafe отказоустойчивый
everlast вечный
conformity соответствие
adhere придерживаться
malfunction неисправность
reinvent "изобретать заново"
"before ... existed" "до появления ..."
strive "стремиться, бороться, прилагать усилия"
warehouse склад
laundries прачечная
reverse "противоположное, обратное"
likewise "так же"
overlook "упускать из виду, игнорировать"
gist суть
excessively чрезмерно
"it's not a matter of" "дело не в том, что ..."
conventional "общепринятый, традиционный"
bark лай
rate "показатель, тариф, норма"
implicate "вовлекать, впутывать"
slump "спад, оползень, резкое падение, резко падать"
disrupt "нарушать, срывать"
"it's the way things are" "так обстоят дела"
literacy грамотность
outbreak вспышка
"make up mind" "принять решение"
"be gone for good" "уйти навсегда (потерять)"
mud грязь
paddle "весло, грести"
enmity враждебность
contribute "способствовать, содействовать"
thread нить
boundary "граница, черта"
emerge "появляться, возникать"
passion страсть
"get to know" узнать
"be passionate about" "быть увлеченным, пылким"
"tie down" привязать
lung "лёгкое (орган)"
inflate надувать
deflate сдувать
sorrow печаль
pending "в ожидании"
"waiting list" "очередь, лист ожидания"
"get down" спускаться
"come down" "спускаться, рушиться"
"pick up" "забирать, подбирать"
"take out" "вынимать, доставать(из сумки), вывозить"
upright вертикально
timeously своевременно
thither туда
thinly тонко
therein там
greedy жадный
regular обычный
threaten угрожать
fallout "выпадать, осадки"
past мимо
"be broken down into (are broken down into several components)" "разбит на (разбит на несколько компонентов)"
deprive лишать
chew жевать
counterintuitive "противоречащий здравому смыслу"
frustrate расстраивать
"there's no point" "нет никакого смысла"
conscience совесть
"in good conscience" "с чистой совестью"
"we are pleased to" "мы рады ..."
"across the road" "через дорогу"
perceive воспринимать
chase гнаться
noveltie новинка
"to sympathize with" сочувствовать
enhance усиливать
transparent прозрачный
preparation подготовка
"There comes (there comes a time)" "приходит (приходит время)"
"put down" положить
"to have something to fall back on" "иметь на что опереться"
"be in debt" "быть в долгу"
confuse путать
explicit явный
implicit скрытый
strip полоса
"at the bottom" внизу
hesitate стесняться
halt "останавливаться, остановка"
alleviate облегчить
inflammation воспаление
"in favor of (banning)" "в пользу"
sluggish медлительный
aversion отвращение
unleash "дать волю, развязать"
pour "наливать, насыпать, сыпать"
pillar "столб, опора"
confront противостоять
innate врожденный
"be psyched up" "быть взволнованным"
gossip сплетни
routine распорядок
"little by little" понемногу
"it goes way beyond that" "это выходит за рамки этого"
meaningful осмысленный
prolonged продолжительный
reasoning рассуждение
associated "связан, связанный"
sweep подметать
entail "влечёт за собой"
"come to mind" "приходить на ум"
ever-changing "постоянно меняющийся"
severe "тяжелый, суровый"
"something is lacking" "чего-то не хватает"
herd стадо
doable "выполнимо, выполнимый"
"has gone through many changes" "претерпел множество изменений"
plumber сантехник
unforeseen непредвиденный
"put off" откладывать
"chances are" "скорее всего"
obstacle препятствие
"aspect ratio" "соотношение сторон"
"ratio (рэйшио)" "соотношение, коэффициент, пропорция"
"right away" немедленно
"in high demand" "пользуется большим спросом"
overdo переусердствовать
"deceive, cheat" обманывать
infer "делать вывод"
glove перчатка
"the first time around" "в первый раз"
"conquer (конкэр)" "завоевывать, покорять"
"i'm not mad at you" "я не сержусь на тебя"
exhale "выдох, выдыхать"
"he is out back" "он снаружи"
"get off me" "отстань от меня"
"he's not here and he never has been" "он не здесь и никогда здесь не был"
"run wild" дичать
"buzz cut" "короткая стрижка"
"pull over" притормози
"drop off (drop)" высадить
sob рыдать
sober трезвый
envelope конверт
"in low spirits" "в плохом настроении"
"in high spirits" "в приподнятом настроении"
underwear "нижнее белье"
complex сложный
interfere вмешиваться
mental "психически, псих"
indecision нерешительность
"not a bit" ничуть
"i doubt it" "я сомневаюсь"
"exactly so" "именно так"
mandatory обязательный
"mess up" портить
"take your pick" выбирай
thoroughly тщательно
misuse "не правильно использовать,  злоупотреблять "
infancy младенчество
slippery "скользко, скользкий"
slippy скользкий
preferably предпочтительно
"for sure" наверняка
"it is not profitable" "не выгодно"
"i managed" "мне удалось"
fried жареный
slice "кусок, кусочек"
outdated устаревший
forgery "подлог, фальсификация"
highlights "основные моменты"
survey опрос
eliminate "устранять, уничтожать, ликвидировать"
vault "сейф, погреб"
"from scratch" "с нуля"
underlie "лежать в основе"
tedious "скучно, утомительно"
effortlessly легко
"is wired into" "подключен к"
consumer потребитель
provider поставщик
"be left" "быть оставленным, остаться"
distinctive "отличительный, характерный"
"went viral, went ..." "стал вирусным"
tend "иметь склонность, иметь тенденцию"
perseverance "упорство, настойчивость"
trade-off компромисс
"went out" вышел
paycheck зарплата
"more likely" "скорее всего"
rigid жёсткий
rigidity жесткость
"dial up" "набирать номер"
"in charge" ответственный
feather перо
fur "шерсть, мех"
"dripping wet" "насквозь мокрый"
shiver "дрожь, дрожать"
disposable одноразовый
basement "подвал, цокольный этаж"
"how interesting" "как интересно"
grasp "понять, осознать, понимание"
snap "щелчок, моментальный снимок"
"up here" здесь
"how long it takes to" "как долго, сколько времени нужно чтобы"
"what is there to say" "что тут сказать"
"robe, bathrobe" халат
"of the good ones" "из хороших"
"for later" "на потом"
whoever "тот, кто"
"opinions differ" "мнения расходятся"
memorable незабываемый
standpoint "точка зрения"
"most rewarding" "самая полезная, самая стоящая"
"all things considered" "учитывая все обстоятельства"
"even so" "не смотря на это"
"to make up your mind" "принять решение"
"by all means" "любой ценой, любым способом"
conduct "вести, управлять, поведение"
abide "соблюдать, выполнять, придерживаться"
humble скромный,смиренный
versatile "универсальный, гибкий, многосторонний"
roasted жареный
edible съедобный
"take for granted" "принимать как должное"
engrossed поглощенный
inclination склонность
"fails us" "подводит нас"
thrive "процветать, преуспевать"
upbringing воспитание
peers сверстники
"i stand corrected" "я исправлюсь"
"could you reach out" "не могли бы вы связаться"
solace утешение
"inferior feeling" "чувство неполноценности"
frugality бережливость
"no strings attached" "без всяких условий, безвозмездно"
spotted замечен
"be advised" "рекомендуется "
sparkless безупречный
embark "отправляться в путь, начинать"
upturn переворачивать
broaden расширять
"take over" снимать
"what is the use of ..." "какая польза от ..."
"show off" "хвастаться, выпендриваться"
presently "сейчас,в настоящее время"
earnestly "искренне, серьезно"
doorway "дверной проем"
"you see" "видите ли"
scam мошенничество
dew роса
hail град
ladder стремянка
"dealing with emergencies" "работа с чрезвычайными ситуациями"
"pile up" накапливать
susceptible "восприимчивый, чувствительный"
affiliate "партнёр, присоединять"
"put another way" перефразируй
preceding "предшествующий, предыдущий"
"other than that" "кроме того"
extinct "вымерший, угасший"
majestic величественный
"as a whole" "целиком, вцелом"
"were hurt severely" "серьезно пострадали"
roughly "грубо, приблизительно"
rough "грубый, приблизительный"
comparable "сопоставимо, сравнимо"
exceed "превосходить, превышать"
"is believed" считается
"from its very beginnings" "с самого начала"
underperforming неэффективный
"in particular" "в особенности"
largely "во многом, в значительной степени"
goodness доброта
"be keen on" увлекаться
"to iron" гладить
"window sill" подоконник
spacious просторный
roomy просторный
"wash basin" раковина
"electric socket" розетка
"power point" розетка
drawer ящик
"railway carriage" вагон
alas увы
allude "намекать, указывать"
axe топор
"back down" "отступать, идти на попятную, отказаться"
backpack рюкзак
"give birth to" "рожать "
bizarre "странный, причудливый"
budge сдвинуть
caviar икра
likeable приятный
allocate "распределять ресурсы"
bonfire костёр
"in the open" "в открытую, открыто"
behold "созерцать, видеть"
collide сталкиваться
"come with" прилагаться
"bite off" откусить
compassion сострадание
buzzword "модное словечко"
traction тяга
envision "представить себе, предполагать"
"pipe dream" "несбыточная мечта"
ballooning раздувание
outpace "опережать, идти вперед"
compelling "убедительный, неотразимый"
obsolete устаревший
"in a matter of a minutes" "в течение нескольких минут"
govern "управлять, править, руководить"
laborious "трудоемкий, трудный, утомительный"
compliance согласие
applicable "применимый, подходящий"
on-premises локально
timelines сроки
timeliness своевременность
proximity "близость (расположение)"
"vendor lock-in" "привязка к поставщику"
negligible незначительный
reliance "доверие, уверенность"
"connection goes down" "соединение пропадает"
congestion "перегруженность, скопление, затор, пробка"
bandwidth "пропускная способность"
prevalent "распростроненный, преобладающий"
estimate "оценивать, оценка, смета, калькуляция, прикидывать"
prerequisite предпосылка
fraud "мошенничество, мошенник, подделка"
makeover преображение
counterfeit поддельный
disparate "несопастовимый, несоизмеримый"
immune "иммунитет, невосприимчивый"
"key takeaways" "ключевые выводы"
underpinned подкрепленный
intermediary "посредник, промежуточный"
facilitate "способствовать, содействовать"
"went into effect" "вступил в силу"
reverse "поворачивать вспять"
incentive стимул
infamous "печально известный"
"as needed" "по мере необходимости"
clutter беспорядок
cluttered загроможденный
vibe атмосфера
understandably "по вполне понятным причинам"
"meet need" "удовлетворить потребность"
"favorable impression" "благоприятное впечатление"
dramatically резко
empathetic чуткий
empathy сочувствие
"to second-guess myself" "сомневаться в себе"
insecurity неуверенность
ever-evolving "постоянно развивающийся"
grudge обида
comprehensive "всесторонний, исчерпывающий, обширный"
"make sure that (make sure to mention them)" "убедись в том, что ... (обязательно ...)"
beneficial "выгодный, полезный"
"catch off guard" "застать врасплох"
upsert вставлять
